--
-- PostgreSQL database dump
--

-- Dumped from database version 17.2 (Homebrew)
-- Dumped by pg_dump version 17.2 (Homebrew)

SET statement_timeout = 0;
SET lock_timeout = 0;
SET idle_in_transaction_session_timeout = 0;
SET transaction_timeout = 0;
SET client_encoding = 'UTF8';
SET standard_conforming_strings = on;
SELECT pg_catalog.set_config('search_path', '', false);
SET check_function_bodies = false;
SET xmloption = content;
SET client_min_messages = warning;
SET row_security = off;

SET default_tablespace = '';

SET default_table_access_method = heap;

--
-- Name: auth_group; Type: TABLE; Schema: public; Owner: vidky
--

CREATE TABLE public.auth_group (
    id integer NOT NULL,
    name character varying(150) NOT NULL
);


ALTER TABLE public.auth_group OWNER TO vidky;

--
-- Name: auth_group_id_seq; Type: SEQUENCE; Schema: public; Owner: vidky
--

ALTER TABLE public.auth_group ALTER COLUMN id ADD GENERATED BY DEFAULT AS IDENTITY (
    SEQUENCE NAME public.auth_group_id_seq
    START WITH 1
    INCREMENT BY 1
    NO MINVALUE
    NO MAXVALUE
    CACHE 1
);


--
-- Name: auth_group_permissions; Type: TABLE; Schema: public; Owner: vidky
--

CREATE TABLE public.auth_group_permissions (
    id bigint NOT NULL,
    group_id integer NOT NULL,
    permission_id integer NOT NULL
);


ALTER TABLE public.auth_group_permissions OWNER TO vidky;

--
-- Name: auth_group_permissions_id_seq; Type: SEQUENCE; Schema: public; Owner: vidky
--

ALTER TABLE public.auth_group_permissions ALTER COLUMN id ADD GENERATED BY DEFAULT AS IDENTITY (
    SEQUENCE NAME public.auth_group_permissions_id_seq
    START WITH 1
    INCREMENT BY 1
    NO MINVALUE
    NO MAXVALUE
    CACHE 1
);


--
-- Name: auth_permission; Type: TABLE; Schema: public; Owner: vidky
--

CREATE TABLE public.auth_permission (
    id integer NOT NULL,
    name character varying(255) NOT NULL,
    content_type_id integer NOT NULL,
    codename character varying(100) NOT NULL
);


ALTER TABLE public.auth_permission OWNER TO vidky;

--
-- Name: auth_permission_id_seq; Type: SEQUENCE; Schema: public; Owner: vidky
--

ALTER TABLE public.auth_permission ALTER COLUMN id ADD GENERATED BY DEFAULT AS IDENTITY (
    SEQUENCE NAME public.auth_permission_id_seq
    START WITH 1
    INCREMENT BY 1
    NO MINVALUE
    NO MAXVALUE
    CACHE 1
);


--
-- Name: auth_user; Type: TABLE; Schema: public; Owner: vidky
--

CREATE TABLE public.auth_user (
    id integer NOT NULL,
    password character varying(128) NOT NULL,
    last_login timestamp with time zone,
    is_superuser boolean NOT NULL,
    username character varying(150) NOT NULL,
    first_name character varying(150) NOT NULL,
    last_name character varying(150) NOT NULL,
    email character varying(254) NOT NULL,
    is_staff boolean NOT NULL,
    is_active boolean NOT NULL,
    date_joined timestamp with time zone NOT NULL
);


ALTER TABLE public.auth_user OWNER TO vidky;

--
-- Name: auth_user_groups; Type: TABLE; Schema: public; Owner: vidky
--

CREATE TABLE public.auth_user_groups (
    id bigint NOT NULL,
    user_id integer NOT NULL,
    group_id integer NOT NULL
);


ALTER TABLE public.auth_user_groups OWNER TO vidky;

--
-- Name: auth_user_groups_id_seq; Type: SEQUENCE; Schema: public; Owner: vidky
--

ALTER TABLE public.auth_user_groups ALTER COLUMN id ADD GENERATED BY DEFAULT AS IDENTITY (
    SEQUENCE NAME public.auth_user_groups_id_seq
    START WITH 1
    INCREMENT BY 1
    NO MINVALUE
    NO MAXVALUE
    CACHE 1
);


--
-- Name: auth_user_id_seq; Type: SEQUENCE; Schema: public; Owner: vidky
--

ALTER TABLE public.auth_user ALTER COLUMN id ADD GENERATED BY DEFAULT AS IDENTITY (
    SEQUENCE NAME public.auth_user_id_seq
    START WITH 1
    INCREMENT BY 1
    NO MINVALUE
    NO MAXVALUE
    CACHE 1
);


--
-- Name: auth_user_user_permissions; Type: TABLE; Schema: public; Owner: vidky
--

CREATE TABLE public.auth_user_user_permissions (
    id bigint NOT NULL,
    user_id integer NOT NULL,
    permission_id integer NOT NULL
);


ALTER TABLE public.auth_user_user_permissions OWNER TO vidky;

--
-- Name: auth_user_user_permissions_id_seq; Type: SEQUENCE; Schema: public; Owner: vidky
--

ALTER TABLE public.auth_user_user_permissions ALTER COLUMN id ADD GENERATED BY DEFAULT AS IDENTITY (
    SEQUENCE NAME public.auth_user_user_permissions_id_seq
    START WITH 1
    INCREMENT BY 1
    NO MINVALUE
    NO MAXVALUE
    CACHE 1
);


--
-- Name: authtoken_token; Type: TABLE; Schema: public; Owner: vidky
--

CREATE TABLE public.authtoken_token (
    key character varying(40) NOT NULL,
    created timestamp with time zone NOT NULL,
    user_id integer NOT NULL
);


ALTER TABLE public.authtoken_token OWNER TO vidky;

--
-- Name: django_admin_log; Type: TABLE; Schema: public; Owner: vidky
--

CREATE TABLE public.django_admin_log (
    id integer NOT NULL,
    action_time timestamp with time zone NOT NULL,
    object_id text,
    object_repr character varying(200) NOT NULL,
    action_flag smallint NOT NULL,
    change_message text NOT NULL,
    content_type_id integer,
    user_id integer NOT NULL,
    CONSTRAINT django_admin_log_action_flag_check CHECK ((action_flag >= 0))
);


ALTER TABLE public.django_admin_log OWNER TO vidky;

--
-- Name: django_admin_log_id_seq; Type: SEQUENCE; Schema: public; Owner: vidky
--

ALTER TABLE public.django_admin_log ALTER COLUMN id ADD GENERATED BY DEFAULT AS IDENTITY (
    SEQUENCE NAME public.django_admin_log_id_seq
    START WITH 1
    INCREMENT BY 1
    NO MINVALUE
    NO MAXVALUE
    CACHE 1
);


--
-- Name: django_content_type; Type: TABLE; Schema: public; Owner: vidky
--

CREATE TABLE public.django_content_type (
    id integer NOT NULL,
    app_label character varying(100) NOT NULL,
    model character varying(100) NOT NULL
);


ALTER TABLE public.django_content_type OWNER TO vidky;

--
-- Name: django_content_type_id_seq; Type: SEQUENCE; Schema: public; Owner: vidky
--

ALTER TABLE public.django_content_type ALTER COLUMN id ADD GENERATED BY DEFAULT AS IDENTITY (
    SEQUENCE NAME public.django_content_type_id_seq
    START WITH 1
    INCREMENT BY 1
    NO MINVALUE
    NO MAXVALUE
    CACHE 1
);


--
-- Name: django_migrations; Type: TABLE; Schema: public; Owner: vidky
--

CREATE TABLE public.django_migrations (
    id bigint NOT NULL,
    app character varying(255) NOT NULL,
    name character varying(255) NOT NULL,
    applied timestamp with time zone NOT NULL
);


ALTER TABLE public.django_migrations OWNER TO vidky;

--
-- Name: django_migrations_id_seq; Type: SEQUENCE; Schema: public; Owner: vidky
--

ALTER TABLE public.django_migrations ALTER COLUMN id ADD GENERATED BY DEFAULT AS IDENTITY (
    SEQUENCE NAME public.django_migrations_id_seq
    START WITH 1
    INCREMENT BY 1
    NO MINVALUE
    NO MAXVALUE
    CACHE 1
);


--
-- Name: django_session; Type: TABLE; Schema: public; Owner: vidky
--

CREATE TABLE public.django_session (
    session_key character varying(40) NOT NULL,
    session_data text NOT NULL,
    expire_date timestamp with time zone NOT NULL
);


ALTER TABLE public.django_session OWNER TO vidky;

--
-- Name: hama; Type: TABLE; Schema: public; Owner: vidky
--

CREATE TABLE public.hama (
    id bigint NOT NULL,
    created timestamp with time zone NOT NULL,
    nama_hama character varying(100) NOT NULL,
    rate_bahaya integer NOT NULL,
    makhluk character varying(20) NOT NULL,
    obat_id bigint NOT NULL,
    deskripsi text NOT NULL
);


ALTER TABLE public.hama OWNER TO vidky;

--
-- Name: hama_id_seq; Type: SEQUENCE; Schema: public; Owner: vidky
--

ALTER TABLE public.hama ALTER COLUMN id ADD GENERATED BY DEFAULT AS IDENTITY (
    SEQUENCE NAME public.hama_id_seq
    START WITH 1
    INCREMENT BY 1
    NO MINVALUE
    NO MAXVALUE
    CACHE 1
);


--
-- Name: panenan; Type: TABLE; Schema: public; Owner: vidky
--

CREATE TABLE public.panenan (
    id bigint NOT NULL,
    created timestamp with time zone NOT NULL,
    berat_ton bigint NOT NULL,
    hasil_panen_id bigint NOT NULL,
    owner_id integer NOT NULL,
    deskripsi text NOT NULL
);


ALTER TABLE public.panenan OWNER TO vidky;

--
-- Name: panenan_id_seq; Type: SEQUENCE; Schema: public; Owner: vidky
--

ALTER TABLE public.panenan ALTER COLUMN id ADD GENERATED BY DEFAULT AS IDENTITY (
    SEQUENCE NAME public.panenan_id_seq
    START WITH 1
    INCREMENT BY 1
    NO MINVALUE
    NO MAXVALUE
    CACHE 1
);


--
-- Name: pestisida_pupuk; Type: TABLE; Schema: public; Owner: vidky
--

CREATE TABLE public.pestisida_pupuk (
    id bigint NOT NULL,
    created timestamp with time zone NOT NULL,
    jenis text NOT NULL,
    nama_obat character varying(100) NOT NULL,
    produsen character varying(100) NOT NULL,
    warna text NOT NULL,
    deskripsi text NOT NULL
);


ALTER TABLE public.pestisida_pupuk OWNER TO vidky;

--
-- Name: pestisida_pupuk_id_seq; Type: SEQUENCE; Schema: public; Owner: vidky
--

ALTER TABLE public.pestisida_pupuk ALTER COLUMN id ADD GENERATED BY DEFAULT AS IDENTITY (
    SEQUENCE NAME public.pestisida_pupuk_id_seq
    START WITH 1
    INCREMENT BY 1
    NO MINVALUE
    NO MAXVALUE
    CACHE 1
);


--
-- Name: tanaman; Type: TABLE; Schema: public; Owner: vidky
--

CREATE TABLE public.tanaman (
    id bigint NOT NULL,
    created timestamp with time zone NOT NULL,
    nama_tanaman character varying(100) NOT NULL,
    jenis character varying(100) NOT NULL,
    waktu_tanam_hari integer NOT NULL,
    harga_per_ton bigint NOT NULL,
    public boolean NOT NULL,
    owner_id integer NOT NULL,
    peluang_hama_id bigint NOT NULL,
    deskripsi text NOT NULL,
    link_tanaman character varying(200)
);


ALTER TABLE public.tanaman OWNER TO vidky;

--
-- Name: tanaman_id_seq; Type: SEQUENCE; Schema: public; Owner: vidky
--

ALTER TABLE public.tanaman ALTER COLUMN id ADD GENERATED BY DEFAULT AS IDENTITY (
    SEQUENCE NAME public.tanaman_id_seq
    START WITH 1
    INCREMENT BY 1
    NO MINVALUE
    NO MAXVALUE
    CACHE 1
);


--
-- Data for Name: auth_group; Type: TABLE DATA; Schema: public; Owner: vidky
--

COPY public.auth_group (id, name) FROM stdin;
1	StaffEditor
\.


--
-- Data for Name: auth_group_permissions; Type: TABLE DATA; Schema: public; Owner: vidky
--

COPY public.auth_group_permissions (id, group_id, permission_id) FROM stdin;
1	1	1
2	1	2
3	1	4
4	1	5
5	1	6
6	1	8
7	1	9
8	1	10
9	1	12
10	1	13
11	1	14
12	1	16
\.


--
-- Data for Name: auth_permission; Type: TABLE DATA; Schema: public; Owner: vidky
--

COPY public.auth_permission (id, name, content_type_id, codename) FROM stdin;
1	Can add pestisida pupuk	1	add_pestisidapupuk
2	Can change pestisida pupuk	1	change_pestisidapupuk
3	Can delete pestisida pupuk	1	delete_pestisidapupuk
4	Can view pestisida pupuk	1	view_pestisidapupuk
5	Can add hama	2	add_hama
6	Can change hama	2	change_hama
7	Can delete hama	2	delete_hama
8	Can view hama	2	view_hama
9	Can add tanaman	3	add_tanaman
10	Can change tanaman	3	change_tanaman
11	Can delete tanaman	3	delete_tanaman
12	Can view tanaman	3	view_tanaman
13	Can add panenan	4	add_panenan
14	Can change panenan	4	change_panenan
15	Can delete panenan	4	delete_panenan
16	Can view panenan	4	view_panenan
17	Can add permission	5	add_permission
18	Can change permission	5	change_permission
19	Can delete permission	5	delete_permission
20	Can view permission	5	view_permission
21	Can add group	6	add_group
22	Can change group	6	change_group
23	Can delete group	6	delete_group
24	Can view group	6	view_group
25	Can add user	7	add_user
26	Can change user	7	change_user
27	Can delete user	7	delete_user
28	Can view user	7	view_user
29	Can add content type	8	add_contenttype
30	Can change content type	8	change_contenttype
31	Can delete content type	8	delete_contenttype
32	Can view content type	8	view_contenttype
33	Can add log entry	9	add_logentry
34	Can change log entry	9	change_logentry
35	Can delete log entry	9	delete_logentry
36	Can view log entry	9	view_logentry
37	Can add session	10	add_session
38	Can change session	10	change_session
39	Can delete session	10	delete_session
40	Can view session	10	view_session
41	Can add Token	11	add_token
42	Can change Token	11	change_token
43	Can delete Token	11	delete_token
44	Can view Token	11	view_token
45	Can add Token	12	add_tokenproxy
46	Can change Token	12	change_tokenproxy
47	Can delete Token	12	delete_tokenproxy
48	Can view Token	12	view_tokenproxy
\.


--
-- Data for Name: auth_user; Type: TABLE DATA; Schema: public; Owner: vidky
--

COPY public.auth_user (id, password, last_login, is_superuser, username, first_name, last_name, email, is_staff, is_active, date_joined) FROM stdin;
4	pbkdf2_sha256$870000$od3yoHlZO35OvX0rHUjxhL$iCusyOfwRL/eZGF4GG2SlS2mZki/tq3tEbGZ/gP2ZEk=	\N	f	rendi				f	t	2025-01-29 09:59:13.071198+07
18	pbkdf2_sha256$870000$ql2q5dPVMgKvzVk0XQUrXi$+0yE1PiVXZ2arY85DCA6e0hS860P/9OCwvnZkqpDhu4=	\N	f	piki				f	t	2025-02-27 05:59:50.008748+07
19	pbkdf2_sha256$870000$u2DcZH9UFXwLjhWoh5PXOj$LOrYCctSRiVei6eSF6h4wexq3+iM5lfuTEtZq0bcpdc=	\N	f	azriel				f	t	2025-03-01 18:27:59.841355+07
2	pbkdf2_sha256$720000$HEOJLxj5TUP2esz1xSUQCd$EWaviNm+AVPFZhb55ytKJreEAWNTWWOdsH6tIa9gWm8=	2025-02-12 08:11:32.165251+07	f	heru				t	t	2025-01-28 11:36:33+07
16	pbkdf2_sha256$720000$QULPUAiGk3mKjlW6fWsfdT$lP+PKBn7etED9KIxPtZAm2B9CPV9Ob6D5HUZQ5LkqN4=	2025-02-27 05:54:37.742797+07	f	sri				f	t	2025-02-14 13:39:25+07
3	pbkdf2_sha256$720000$LUHMCTGhPqR5ovSQgISRRd$07/haEC1PBHziQF4LSh8YIqQVkH83IiIQjU6HJ0Ki50=	2025-02-01 14:03:33.059983+07	f	joji				f	t	2025-01-28 12:10:28+07
1	pbkdf2_sha256$720000$qXmBjiHry0SMyOX2POzNDC$Uh4Ztq13ZKhenFjplQg+Xktdddp/9tBVki5e5Ljy0IY=	2025-03-11 10:39:18.603713+07	t	vidky			vickypradana1111@gmail.com	t	t	2025-01-28 11:29:45.235431+07
10	pbkdf2_sha256$870000$EYWVyAeqjRiyGEHVYLlTuw$4Qy9yqs3heyrZ3L8N953UZ8X9wlyWfjiirHs9yExTjk=	\N	f	joko				t	t	2025-02-09 13:18:01+07
\.


--
-- Data for Name: auth_user_groups; Type: TABLE DATA; Schema: public; Owner: vidky
--

COPY public.auth_user_groups (id, user_id, group_id) FROM stdin;
1	2	1
2	3	1
4	10	1
\.


--
-- Data for Name: auth_user_user_permissions; Type: TABLE DATA; Schema: public; Owner: vidky
--

COPY public.auth_user_user_permissions (id, user_id, permission_id) FROM stdin;
\.


--
-- Data for Name: authtoken_token; Type: TABLE DATA; Schema: public; Owner: vidky
--

COPY public.authtoken_token (key, created, user_id) FROM stdin;
b733fd4dd82de6b01691441885fda5599d8d7a6b	2025-01-28 11:42:23.530448+07	2
a8f1a0aa1a9451e12deeb7c1e15870020a7c7a2d	2025-01-28 11:47:45.37659+07	1
405e74c84885c6cb8753eddcb1f05fc41a76b502	2025-01-28 12:25:01.589809+07	3
ba2313a274ea3bf0f1d568046b79dba463cb224d	2025-01-29 10:01:20.77996+07	4
\.


--
-- Data for Name: django_admin_log; Type: TABLE DATA; Schema: public; Owner: vidky
--

COPY public.django_admin_log (id, action_time, object_id, object_repr, action_flag, change_message, content_type_id, user_id) FROM stdin;
1	2025-01-28 11:36:33.976488+07	2	heru	1	[{"added": {}}]	7	1
2	2025-01-28 11:37:40.752808+07	1	StaffEditor	1	[{"added": {}}]	6	1
3	2025-01-28 11:38:02.726119+07	2	heru	2	[{"changed": {"fields": ["Staff status", "Groups"]}}]	7	1
4	2025-01-28 12:10:29.020686+07	3	joji	1	[{"added": {}}]	7	1
5	2025-01-28 12:10:38.307586+07	3	joji	2	[{"changed": {"fields": ["Staff status", "Groups"]}}]	7	1
6	2025-01-28 12:47:08.82066+07	3	joji	2	[{"changed": {"fields": ["Staff status"]}}]	7	1
7	2025-01-29 09:59:13.657805+07	4	rendi	1	[{"added": {}}]	7	1
8	2025-02-01 11:21:14.762723+07	7	kacang tanah - 25 ton	2	[{"changed": {"fields": ["Owner"]}}]	4	1
9	2025-02-01 11:21:19.762234+07	7	kacang tanah - 25 ton	2	[{"changed": {"fields": ["Owner"]}}]	4	1
10	2025-02-01 11:25:19.544787+07	3	joji	2	[{"changed": {"fields": ["password"]}}]	7	1
11	2025-02-01 14:02:05.747303+07	23	melon - 66 ton	3		4	1
12	2025-02-01 14:02:28.05542+07	14	padi - 20 ton	2	[{"changed": {"fields": ["Owner"]}}]	4	1
13	2025-02-01 14:03:09.203092+07	14	padi - 20 ton	3		4	1
14	2025-02-01 14:03:09.203145+07	15	pepaya - 24 ton	3		4	1
15	2025-02-01 14:03:09.203166+07	16	jagung - 30 ton	3		4	1
16	2025-02-01 14:03:09.203184+07	17	kedelai - 69 ton	3		4	1
17	2025-02-01 14:03:09.203201+07	18	ubi - 36 ton	3		4	1
18	2025-02-01 14:03:09.203217+07	19	wortel - 44 ton	3		4	1
19	2025-02-01 14:03:09.203234+07	20	kacang tanah - 50 ton	3		4	1
20	2025-02-01 14:03:09.203251+07	21	kacang hijau - 54 ton	3		4	1
21	2025-02-01 14:03:09.203267+07	22	terong - 60 ton	3		4	1
22	2025-02-01 14:03:09.203283+07	24	kentang - 70 ton	3		4	1
23	2025-02-01 14:03:09.203299+07	25	tomat - 80 ton	3		4	1
24	2025-02-01 14:03:09.203315+07	26	cabai - 90 ton	3		4	1
25	2025-02-01 14:03:09.203331+07	27	pepaya - 34 ton	3		4	1
26	2025-02-05 07:33:10.197763+07	3	jagung	2	[{"changed": {"fields": ["Deskripsi", "Link tanaman"]}}]	3	1
27	2025-02-05 14:23:29.762001+07	13	cabai - 45 ton	2	[{"changed": {"fields": ["Owner"]}}]	4	1
28	2025-02-05 14:23:38.165946+07	8	kacang hijau - 27 ton	2	[{"changed": {"fields": ["Owner"]}}]	4	1
29	2025-02-05 14:27:15.953664+07	4	rendi	2	[{"changed": {"fields": ["password"]}}]	7	1
30	2025-02-05 14:27:51.280966+07	30	tomat - 14 ton	1	[{"added": {}}]	4	1
31	2025-02-07 10:29:23.435776+07	12	tomat	2	[]	3	1
32	2025-02-07 10:30:28.722962+07	9	terong	2	[{"changed": {"fields": ["Owner"]}}]	3	1
33	2025-02-07 10:30:54.198926+07	30	tomat - hendrik - 14 ton	3		4	1
34	2025-02-12 07:04:57.198456+07	32	kangkung - heru - 31 ton	2	[{"changed": {"fields": ["Deskripsi"]}}]	4	1
35	2025-02-13 10:49:32.491501+07	36	melon - heru - 13 ton	3		4	1
36	2025-02-13 10:49:32.491584+07	37	kentang - heru - 33 ton	3		4	1
37	2025-02-14 14:00:58.088532+07	16	sri	2	[{"changed": {"fields": ["Staff status", "Groups"]}}]	7	1
38	2025-02-19 09:33:59.169738+07	39	padi - joko - 12 ton	1	[{"added": {}}]	4	1
39	2025-02-20 11:48:21.103447+07	10	joko	2	[{"changed": {"fields": ["Staff status"]}}]	7	1
40	2025-02-20 11:49:14.254815+07	10	joko	2	[{"changed": {"fields": ["Groups"]}}]	7	1
41	2025-02-27 05:12:38.099387+07	14	ahmad	3		7	1
42	2025-02-27 05:12:38.099444+07	8	aria	3		7	1
43	2025-02-27 05:12:38.099466+07	9	endro	3		7	1
44	2025-02-27 05:12:38.099484+07	11	hanan	3		7	1
45	2025-02-27 05:12:38.099502+07	12	rakan123	3		7	1
46	2025-02-27 05:12:38.099535+07	13	rehan32	3		7	1
47	2025-02-27 05:12:38.099553+07	17	rossi	3		7	1
48	2025-02-27 05:12:38.099569+07	15	tatang	3		7	1
49	2025-02-27 05:13:08.321223+07	16	sri	2	[{"changed": {"fields": ["Staff status", "Groups"]}}]	7	1
50	2025-02-27 05:13:32.449403+07	16	sri	2	[{"changed": {"fields": ["password"]}}]	7	1
51	2025-02-27 05:16:13.579972+07	16	sri	2	[{"changed": {"fields": ["Staff status", "Groups"]}}]	7	1
52	2025-02-27 05:40:24.555538+07	16	sri	2	[{"changed": {"fields": ["Staff status", "Groups"]}}]	7	1
53	2025-02-27 05:50:09.859739+07	48	Rambutan - sri - 3 ton	3		4	1
54	2025-02-27 05:50:09.859812+07	50	durian - sri - 12 ton	3		4	1
55	2025-02-27 05:50:09.859839+07	51	laos - sri - 31 ton	3		4	1
\.


--
-- Data for Name: django_content_type; Type: TABLE DATA; Schema: public; Owner: vidky
--

COPY public.django_content_type (id, app_label, model) FROM stdin;
1	farming_v3	pestisidapupuk
2	farming_v3	hama
3	farming_v3	tanaman
4	farming_v3	panenan
5	auth	permission
6	auth	group
7	auth	user
8	contenttypes	contenttype
9	admin	logentry
10	sessions	session
11	authtoken	token
12	authtoken	tokenproxy
\.


--
-- Data for Name: django_migrations; Type: TABLE DATA; Schema: public; Owner: vidky
--

COPY public.django_migrations (id, app, name, applied) FROM stdin;
1	contenttypes	0001_initial	2025-01-28 11:24:44.674126+07
2	auth	0001_initial	2025-01-28 11:24:44.717294+07
3	farming_v3	0001_initial	2025-01-28 11:24:44.759495+07
4	admin	0001_initial	2025-01-28 11:27:51.180912+07
5	admin	0002_logentry_remove_auto_add	2025-01-28 11:27:51.186605+07
6	admin	0003_logentry_add_action_flag_choices	2025-01-28 11:27:51.191985+07
7	contenttypes	0002_remove_content_type_name	2025-01-28 11:27:51.204139+07
8	auth	0002_alter_permission_name_max_length	2025-01-28 11:27:51.211791+07
9	auth	0003_alter_user_email_max_length	2025-01-28 11:27:51.217497+07
10	auth	0004_alter_user_username_opts	2025-01-28 11:27:51.22298+07
11	auth	0005_alter_user_last_login_null	2025-01-28 11:27:51.228751+07
12	auth	0006_require_contenttypes_0002	2025-01-28 11:27:51.230465+07
13	auth	0007_alter_validators_add_error_messages	2025-01-28 11:27:51.236134+07
14	auth	0008_alter_user_username_max_length	2025-01-28 11:27:51.243332+07
15	auth	0009_alter_user_last_name_max_length	2025-01-28 11:27:51.250671+07
16	auth	0010_alter_group_name_max_length	2025-01-28 11:27:51.258998+07
17	auth	0011_update_proxy_permissions	2025-01-28 11:27:51.265957+07
18	auth	0012_alter_user_first_name_max_length	2025-01-28 11:27:51.271413+07
19	authtoken	0001_initial	2025-01-28 11:27:51.281357+07
20	authtoken	0002_auto_20160226_1747	2025-01-28 11:27:51.301907+07
21	authtoken	0003_tokenproxy	2025-01-28 11:27:51.303597+07
22	authtoken	0004_alter_tokenproxy_options	2025-01-28 11:27:51.306159+07
23	sessions	0001_initial	2025-01-28 11:27:51.310312+07
24	farming_v3	0002_remove_panenan_owner	2025-02-01 13:14:06.053086+07
25	farming_v3	0003_panenan_owner	2025-02-01 13:25:08.290128+07
26	farming_v3	0004_remove_panenan_owner	2025-02-01 13:37:22.427343+07
27	farming_v3	0005_panenan_owner	2025-02-01 13:46:51.006399+07
28	farming_v3	0006_remove_panenan_owner	2025-02-01 13:54:10.280678+07
29	farming_v3	0007_panenan_owner	2025-02-01 13:54:47.087461+07
30	farming_v3	0008_alter_panenan_owner	2025-02-01 13:58:11.04013+07
31	farming_v3	0009_tanaman_deskripsi_tanaman_link_tanaman	2025-02-05 07:28:36.448134+07
32	farming_v3	0010_hama_deskripsi_panenan_deskripsi_and_more	2025-02-07 08:12:25.931858+07
33	farming_v3	0011_alter_panenan_deskripsi	2025-02-12 08:12:48.607492+07
34	farming_v3	0012_alter_hama_nama_hama_alter_panenan_berat_ton_and_more	2025-02-19 09:38:37.736482+07
35	farming_v3	0013_alter_tanaman_harga_perton	2025-02-23 06:03:53.362428+07
36	farming_v3	0014_alter_hama_rate_bahaya	2025-03-05 10:19:09.480613+07
37	farming_v3	0015_alter_hama_rate_bahaya	2025-03-05 10:41:07.790922+07
38	farming_v3	0002_alter_hama_rate_bahaya	2025-03-05 10:49:30.137286+07
39	farming_v3	0003_alter_tanaman_options_and_more	2025-03-10 14:20:33.432656+07
\.


--
-- Data for Name: django_session; Type: TABLE DATA; Schema: public; Owner: vidky
--

COPY public.django_session (session_key, session_data, expire_date) FROM stdin;
gewsafy6maa0mygcsish19gu94gsybbx	.eJxVjEsOAiEQBe_C2hAE-bl07xlIN93IqIFkmFkZ766TzEK3r6reSyRYl5rWwXOaSJzFURx-N4T84LYBukO7dZl7W-YJ5abInQ557cTPy-7-HVQY9VtrIuWiR4DiQAFlC5HZkymasWBGHQz6YENg5U_R21BQq6LAFW8NBfH-ABmAONE:1tcdOR:dtvj_fVGzuRcJ42Xh8PUp5thm5jU-sjmtUmsXcSqrvM	2025-02-11 11:40:07.526711+07
uqie67o7nlyvpmtub7mk1t46ixxryreu	.eJxVjEsOAiEQBe_C2hAE-bl07xlIN93IqIFkmFkZ766TzEK3r6reSyRYl5rWwXOaSJzFURx-N4T84LYBukO7dZl7W-YJ5abInQ557cTPy-7-HVQY9VtrIuWiR4DiQAFlC5HZkymasWBGHQz6YENg5U_R21BQq6LAFW8NBfH-ABmAONE:1tnQKG:HIGtFYX_VO4j3TW0S5LpBcb1NZRpOil2v90Xl_fll04	2025-03-13 05:56:24.710956+07
6s7g03ivtnav1eivpgfgss4szb3xej01	.eJxVjEsOAiEQBe_C2hAE-bl07xlIN93IqIFkmFkZ766TzEK3r6reSyRYl5rWwXOaSJzFURx-N4T84LYBukO7dZl7W-YJ5abInQ557cTPy-7-HVQY9VtrIuWiR4DiQAFlC5HZkymasWBGHQz6YENg5U_R21BQq6LAFW8NBfH-ABmAONE:1te98N:IqXuP3LVT0WTlnREg157KJ7lUF_HEzAwsvtwZZTlZXI	2025-02-15 15:45:47.19361+07
7vutbf75tgl4ji4goimknldjno5ga9ip	.eJxVjEsOAiEQBe_C2hAE-bl07xlIN93IqIFkmFkZ766TzEK3r6reSyRYl5rWwXOaSJzFURx-N4T84LYBukO7dZl7W-YJ5abInQ557cTPy-7-HVQY9VtrIuWiR4DiQAFlC5HZkymasWBGHQz6YENg5U_R21BQq6LAFW8NBfH-ABmAONE:1tceRg:6wo8yKpHEn_VQrr6hHWDxBjZYQwzWTkQBaPExqdVjvI	2025-02-11 12:47:32.104299+07
9d50buo4qxs0r5egysqk66wjsmljxzew	.eJxVjMsOgjAUBf-la9NcWtKCS_d-Q3NftaiBhMKK-O9CwkK3M3POZhKuS0lr1TkNYq7GmcsvI-SXjoeQJ46PyfI0LvNA9kjsaau9T6Lv29n-HRSsZV-rOkLkHhpwIQD1HrrsnXAEIiXgnQZtXKuC4iGQaA5d9BxVW87BfL72Czit:1te98i:5jK9Qv2hKfEJcmiQNIlkETppKRw15AgLQ5CwrCsNR34	2025-02-15 15:46:08.150077+07
y14oeeiwjton52oenz01bnl2s7bezpyk	.eJxVjDEOAiEQRe9CbQggg2Bp7xnIwAyyaiBZdivj3XWTLbT9773_EhHXpcZ18BwnEmehxeF3S5gf3DZAd2y3LnNvyzwluSlyp0NeO_Hzsrt_BxVH_dauKFZgTp6MK2TYQvZHxABFs0msEyAHMtklr2wGq4ENKW3Bok2Bi3h_AOrzOCc:1tpREU:cIO9M3ZdMard4D3qtBznwho1w5AG4kBGY4kolIAecOs	2025-03-18 19:18:46.663596+07
0gw8fewcmvbugzz30jdxehfzbf3gtgux	.eJxVjEsOAiEQBe_C2hAE-bl07xlIN93IqIFkmFkZ766TzEK3r6reSyRYl5rWwXOaSJzFURx-N4T84LYBukO7dZl7W-YJ5abInQ557cTPy-7-HVQY9VtrIuWiR4DiQAFlC5HZkymasWBGHQz6YENg5U_R21BQq6LAFW8NBfH-ABmAONE:1tfZL5:g8ZXtjsz4Cgg391j4RmTTgkZV52-GohCYTnR4VeTaMQ	2025-02-19 13:56:47.371799+07
altjqhv6xej0t855j5jitcqcn1onjuqi	.eJxVjDEOAiEQRe9CbQggg2Bp7xnIwAyyaiBZdivj3XWTLbT9773_EhHXpcZ18BwnEmehxeF3S5gf3DZAd2y3LnNvyzwluSlyp0NeO_Hzsrt_BxVH_dauKFZgTp6MK2TYQvZHxABFs0msEyAHMtklr2wGq4ENKW3Bok2Bi3h_AOrzOCc:1tpl5p:8M9rccSXlOPip_BNlQVTsRbZDmxyVl2Ij_Mj1GN6lKI	2025-03-19 16:31:09.771427+07
djylz8ppuv7j164jcb7zgaws0h4py2zd	.eJxVjDEOAiEQRe9CbQggg2Bp7xnIwAyyaiBZdivj3XWTLbT9773_EhHXpcZ18BwnEmehxeF3S5gf3DZAd2y3LnNvyzwluSlyp0NeO_Hzsrt_BxVH_dauKFZgTp6MK2TYQvZHxABFs0msEyAHMtklr2wGq4ENKW3Bok2Bi3h_AOrzOCc:1tqQXM:iWbj_4JSes3wkBgL6bf-eP_rMslzPNsR7zOTlEAqMh0	2025-03-21 12:46:20.996755+07
z0oxqf8404hhr4ucmot5urtp0c2sabs0	.eJxVjDEOAiEQRe9CbQggg2Bp7xnIwAyyaiBZdivj3XWTLbT9773_EhHXpcZ18BwnEmehxeF3S5gf3DZAd2y3LnNvyzwluSlyp0NeO_Hzsrt_BxVH_dauKFZgTp6MK2TYQvZHxABFs0msEyAHMtklr2wGq4ENKW3Bok2Bi3h_AOrzOCc:1trXRm:6IS-8SeD0EPNJoqlToNaZ0U95S87Kmiq_ORoeI-i12o	2025-03-24 14:21:10.91076+07
yz21j8msr9j56b39bx6z1z4djlryk2m2	.eJxVjEsOAiEQBe_C2hAE-bl07xlIN93IqIFkmFkZ766TzEK3r6reSyRYl5rWwXOaSJzFURx-N4T84LYBukO7dZl7W-YJ5abInQ557cTPy-7-HVQY9VtrIuWiR4DiQAFlC5HZkymasWBGHQz6YENg5U_R21BQq6LAFW8NBfH-ABmAONE:1tcyHJ:AST7QvKiok_mU3qhPh8QaAz-G1hZIt3x8Dk4u4MoMPg	2025-02-12 09:58:09.247206+07
k97saxxcvelage037h91omzh4rko1759	.eJxVjDEOAiEQRe9CbQggg2Bp7xnIwAyyaiBZdivj3XWTLbT9773_EhHXpcZ18BwnEmehxeF3S5gf3DZAd2y3LnNvyzwluSlyp0NeO_Hzsrt_BxVH_dauKFZgTp6MK2TYQvZHxABFs0msEyAHMtklr2wGq4ENKW3Bok2Bi3h_AOrzOCc:1trqSc:NRagU81ubpKIdqbPCqTmx7aR1qzGPV6gcUd1IvzVuZ8	2025-03-25 10:39:18.605557+07
\.


--
-- Data for Name: hama; Type: TABLE DATA; Schema: public; Owner: vidky
--

COPY public.hama (id, created, nama_hama, rate_bahaya, makhluk, obat_id, deskripsi) FROM stdin;
2	2025-01-28 12:02:05.916488+07	tikus	2	HEWAN	1	Deskripsi Hama
3	2025-01-28 12:04:25.128567+07	suket	2	TUMBUHAN	2	Deskripsi Hama
4	2025-01-28 12:22:22.910207+07	ulat	4	HEWAN	1	Deskripsi Hama
5	2025-01-28 12:22:22.932159+07	belalang	3	HEWAN	2	Deskripsi Hama
6	2025-01-28 12:22:22.952088+07	jamur	2	TUMBUHAN	1	Deskripsi Hama
7	2025-01-28 12:22:22.970779+07	kutu daun	4	HEWAN	2	Deskripsi Hama
8	2025-01-28 12:22:22.992016+07	burung pipit	3	HEWAN	1	Deskripsi Hama
9	2025-01-28 12:22:23.012694+07	nematoda	5	HEWAN	2	Deskripsi Hama
10	2025-01-28 12:22:23.031986+07	kepik	2	HEWAN	1	Deskripsi Hama
11	2025-01-28 12:22:23.047927+07	cendawan	3	TUMBUHAN	2	Deskripsi Hama
12	2025-01-28 12:22:23.06343+07	tungau	4	HEWAN	1	Deskripsi Hama
1	2025-01-28 11:32:12.61367+07	wereng	2	HEWAN	1	Deskripsi Hama
13	2025-01-29 10:08:01.238133+07	blackdeath	5	TUMBUHAN	9	Deskripsi Hama
14	2025-03-05 10:35:33.632685+07	semut	2	HEWAN	7	dfsfdf
\.


--
-- Data for Name: panenan; Type: TABLE DATA; Schema: public; Owner: vidky
--

COPY public.panenan (id, created, berat_ton, hasil_panen_id, owner_id, deskripsi) FROM stdin;
1	2025-01-28 11:32:48.475344+07	410	1	1	Deskripsi Panenan
3	2025-01-28 12:42:51.499534+07	15	3	1	Deskripsi Panenan
4	2025-01-28 12:42:51.512978+07	20	4	1	Deskripsi Panenan
5	2025-01-28 12:42:51.52775+07	18	5	1	Deskripsi Panenan
6	2025-01-28 12:42:51.541765+07	22	6	1	Deskripsi Panenan
9	2025-01-28 12:42:51.583303+07	30	9	1	Deskripsi Panenan
11	2025-01-28 12:42:51.612138+07	35	11	1	Deskripsi Panenan
12	2025-01-28 12:42:51.626018+07	40	12	1	Deskripsi Panenan
7	2025-01-28 12:42:51.556113+07	25	7	1	Deskripsi Panenan
28	2025-02-01 14:03:48.446004+07	41	11	3	Deskripsi Panenan
29	2025-02-01 15:44:28.190218+07	196	2	2	Deskripsi Panenan
13	2025-01-28 12:42:51.639861+07	45	13	4	Deskripsi Panenan
8	2025-01-28 12:42:51.568661+07	27	8	4	Deskripsi Panenan
31	2025-02-11 15:21:21.106478+07	231	23	3	Deskripsi Panenan
32	2025-02-12 07:01:05.460539+07	31	20	2	Kangkung kali ini banyak yang rusak karena  cuaca dan hama
33	2025-02-12 08:00:51.580667+07	5	21	1	Deskripsi Panenan
35	2025-02-12 08:11:51.328156+07	2	19	2	Deskripsi Panenan
2	2025-01-28 12:42:51.485007+07	50	2	1	Deskripsi Panenan
38	2025-02-13 10:50:09.66273+07	58	11	2	
39	2025-02-19 09:33:59.166718+07	12	1	10	Joko memanen padi 12 ton
40	2025-02-20 11:49:53.953811+07	31	23	10	
52	2025-02-27 05:49:04.995463+07	31	29	16	Lengkuas cukup banyak
53	2025-02-27 00:00:00+07	40	30	18	
54	2025-02-27 06:10:53.857878+07	4	31	18	
57	2025-03-05 16:24:35.907978+07	6	9	3	
58	2025-03-05 16:31:51.302692+07	9	31	1	
56	2025-03-10 00:00:00+07	11	26	16	
10	2025-03-11 10:40:00+07	41	10	1	Deskripsi Panenan
59	2025-03-10 00:00:00+07	4	37	16	
34	2025-03-10 00:00:00+07	1234322	13	3	Deskripsi Panenan
60	2025-03-11 14:22:44.731456+07	10	39	3	
61	2025-03-11 00:00:00+07	2	16	3	
\.


--
-- Data for Name: pestisida_pupuk; Type: TABLE DATA; Schema: public; Owner: vidky
--

COPY public.pestisida_pupuk (id, created, jenis, nama_obat, produsen, warna, deskripsi) FROM stdin;
1	2025-01-28 11:30:45.620358+07	PESTISIDA	Hermo	Farmafarm	PUTIH	Deskripsi Obat
2	2025-01-28 11:31:34.031319+07	PUPUK	Ponska	Farmafarm	MERAH	Deskripsi Obat
3	2025-01-28 12:54:18.674754+07	PESTISIDA	AgroShield	AgriCo	PUTIH	Deskripsi Obat
4	2025-01-28 12:54:18.700475+07	PESTISIDA	PestiClear	GreenLife	MERAH	Deskripsi Obat
5	2025-01-28 12:54:18.716622+07	PESTISIDA	BugBuster	CropGuard	HITAM	Deskripsi Obat
6	2025-01-28 12:54:18.732502+07	PUPUK	GrowFast	SoilTech	KUNING	Deskripsi Obat
7	2025-01-28 12:54:18.748334+07	PUPUK	NutriBoost	FarmPros	PUTIH	Deskripsi Obat
8	2025-01-28 12:54:18.764404+07	PESTISIDA	WeedAway	PlantCare	MERAH	Deskripsi Obat
9	2025-01-28 12:54:18.781125+07	PUPUK	RootAid	AgriBoost	HITAM	Deskripsi Obat
10	2025-01-28 12:54:18.797288+07	PUPUK	SuperSoil	CropPlus	KUNING	Deskripsi Obat
11	2025-01-28 12:54:18.813996+07	PESTISIDA	MiteMaster	AgroElite	PUTIH	Deskripsi Obat
12	2025-01-28 12:54:18.829783+07	PUPUK	PlantFuel	GreenHarvest	MERAH	Deskripsi Obat
\.


--
-- Data for Name: tanaman; Type: TABLE DATA; Schema: public; Owner: vidky
--

COPY public.tanaman (id, created, nama_tanaman, jenis, waktu_tanam_hari, harga_per_ton, public, owner_id, peluang_hama_id, deskripsi, link_tanaman) FROM stdin;
1	2025-01-28 11:32:23.610743+07	padi	rumput	213	2000000000	t	1	1	deskripsi tanaman	https://trans89.com/media/upload/2022/10/Tangerang-Dorong-Pasar-Besar-Sektor-Pertanian-Dengan-Budidaya-Tanaman-Pangan-Organik-653x366.jpg
2	2025-01-28 11:34:24.939433+07	pepaya	pohon	392	1500000000	t	1	1	deskripsi tanaman	https://trans89.com/media/upload/2022/10/Tangerang-Dorong-Pasar-Besar-Sektor-Pertanian-Dengan-Budidaya-Tanaman-Pangan-Organik-653x366.jpg
4	2025-01-28 12:00:53.778315+07	kedelai	rumput	297	1200000000	t	1	1	deskripsi tanaman	https://trans89.com/media/upload/2022/10/Tangerang-Dorong-Pasar-Besar-Sektor-Pertanian-Dengan-Budidaya-Tanaman-Pangan-Organik-653x366.jpg
5	2025-01-28 12:04:25.156958+07	ubi	ubian	497	1970000000	t	2	2	deskripsi tanaman	https://trans89.com/media/upload/2022/10/Tangerang-Dorong-Pasar-Besar-Sektor-Pertanian-Dengan-Budidaya-Tanaman-Pangan-Organik-653x366.jpg
6	2025-01-28 12:22:22.736506+07	wortel	umbi	110	8000000	t	1	1	deskripsi tanaman	https://trans89.com/media/upload/2022/10/Tangerang-Dorong-Pasar-Besar-Sektor-Pertanian-Dengan-Budidaya-Tanaman-Pangan-Organik-653x366.jpg
7	2025-01-28 12:22:22.788314+07	kacang tanah	legum	100	6000000	t	1	3	deskripsi tanaman	https://trans89.com/media/upload/2022/10/Tangerang-Dorong-Pasar-Besar-Sektor-Pertanian-Dengan-Budidaya-Tanaman-Pangan-Organik-653x366.jpg
8	2025-01-28 12:22:22.809842+07	kacang hijau	legum	75	7000000	t	1	2	deskripsi tanaman	https://trans89.com/media/upload/2022/10/Tangerang-Dorong-Pasar-Besar-Sektor-Pertanian-Dengan-Budidaya-Tanaman-Pangan-Organik-653x366.jpg
10	2025-01-28 12:22:22.889647+07	melon	buah	120	15000000	t	1	3	deskripsi tanaman	https://trans89.com/media/upload/2022/10/Tangerang-Dorong-Pasar-Besar-Sektor-Pertanian-Dengan-Budidaya-Tanaman-Pangan-Organik-653x366.jpg
13	2025-01-28 12:25:01.760761+07	cabai	buah	100	20000000	t	3	4	deskripsi tanaman	https://trans89.com/media/upload/2022/10/Tangerang-Dorong-Pasar-Besar-Sektor-Pertanian-Dengan-Budidaya-Tanaman-Pangan-Organik-653x366.jpg
11	2025-01-28 12:25:01.659124+07	kentang	umbi	150	12000000	t	2	4	deskripsi tanaman	https://trans89.com/media/upload/2022/10/Tangerang-Dorong-Pasar-Besar-Sektor-Pertanian-Dengan-Budidaya-Tanaman-Pangan-Organik-653x366.jpg
3	2025-01-28 11:51:14.225794+07	jagung	rumput	389	2100000000	t	2	1	Jagung merupakan tanaman yang mengandung banyak karbohidrat	https://encrypted-tbn0.gstatic.com/images?q=tbn:ANd9GcQfKyTjmODj4RkuRljZUZMPfAG3uOh6Yw0pEQ&s
12	2025-01-28 12:25:01.740757+07	tomat	buah	80	10000000	t	3	5	deskripsi tanaman	https://trans89.com/media/upload/2022/10/Tangerang-Dorong-Pasar-Besar-Sektor-Pertanian-Dengan-Budidaya-Tanaman-Pangan-Organik-653x366.jpg
9	2025-01-28 12:22:22.868245+07	terong	buah	97	9200000	t	3	4	deskripsi tanaman	https://trans89.com/media/upload/2022/10/Tangerang-Dorong-Pasar-Besar-Sektor-Pertanian-Dengan-Budidaya-Tanaman-Pangan-Organik-653x366.jpg
16	2025-02-09 11:18:57.786136+07	pala	pohon	240	2000000000	t	3	3	Pala merupakan rempah yang sedap asal indonesia	https://res.cloudinary.com/dk0z4ums3/image/upload/v1670897868/attached_image/biji-pala-ketahui-kandungan-nutrisi-dan-manfaatnya-bagi-kesehatan.jpg
19	2025-02-11 09:48:24.284185+07	pare	rumput	123	1000000000	t	1	11	Pare merupakan tanaman yang pahit namun enak banget ya	https://encrypted-tbn0.gstatic.com/images?q=tbn:ANd9GcRMJ9uJw0-YhIMPe8YSoEy0TTSw8ZFV1enyFw&s
20	2025-02-11 09:50:45.365763+07	kangkung	rumput	24	420000000	t	1	8	Kangkung merupakan tanaman kaya zat besi	https://d1vbn70lmn1nqe.cloudfront.net/prod/wp-content/uploads/2021/11/15081555/Manfaat-Makan-Kangkung-untuk-Kecantikan-dan-Kesehatan-01.jpg.webpa
21	2025-02-11 09:54:52.063444+07	bayam	rumput	171	1000000000	t	1	2	Bayam kaya akan zat besi	https://static.honestdocs.id/450x400/webp/system/blog_articles/main_hero_images/000/001/926/original/Manfaat_Sayur_Bayam_%28Spinach%29_Yang_Terbukti_Secara_Ilmiah.jpg
22	2025-02-11 11:34:38.630917+07	pinus	pohon	1002	2000000000	t	10	5	Pinus merupakan kayu bahan bakar	https://asset.kompas.com/crops/7kGWp2r9Hw1ZtZLBVYHuaivdQWc=/0x511:4181x3298/1200x800/data/photo/2023/09/19/650921da52a38.jpg
23	2025-02-11 15:11:41.743509+07	suweg	ubian	200	2000000000	t	10	9	suweg panganane wong ndeso lur	https://static.promediateknologi.id/crop/0x0:0x0/0x0/webp/photo/indizone/2020/02/21/6gsDx7/t_5e4f36a1bc344.jpg
24	2025-02-12 08:18:28.013033+07	pisang	rumput	90	2000000000	t	3	2	Pisang enak banget	https://desasemoyo.gunungkidulkab.go.id/assets/files/artikel/sedang_1524189176index.jpg
25	2025-02-14 13:44:35.683482+07	Rambutan	pohon	230	2000000000	t	16	3	Durian montong enak banget gutys	https://encrypted-tbn0.gstatic.com/images?q=tbn:ANd9GcQSUs9M6KumXk3UI9_MhFIKI4vlunvTTrs9Hg&s
26	2025-02-14 13:46:37.239828+07	durian	pohon	213	2030004900	t	16	5	Durian besar montong	https://encrypted-tbn0.gstatic.com/images?q=tbn:ANd9GcQSUs9M6KumXk3UI9_MhFIKI4vlunvTTrs9Hg&s
29	2025-02-27 05:48:38.651028+07	laos	ubian	321	10000000000	t	16	5	lengkuas untuk bumbu	https://desagrogol.gunungkidulkab.go.id/assets/files/dokumen/LENGKUAS.jpg
30	2025-02-27 06:06:25.265254+07	tebu	rumput	531	20000000000	t	18	13	tebu ireng	https://jubi.id/wp-content/uploads/2024/03/Dam-ilustrasi-tebu.webp
31	2025-02-27 06:10:19.388489+07	tebu ireng	pohon	814	9000000000000	t	18	5	tebu ireng baik untuk pengobatan	https://bibitbunga.com/wp-content/uploads/2015/08/tebu-ireng.jpg
35	2025-03-05 11:10:28.805563+07	kolonjono	pohon	30	5000000	t	1	14	untuk pakan ternak	https://faperta.umsu.ac.id/wp-content/uploads/2023/06/manfaat-jahe.jpg
36	2025-03-05 12:20:45.168661+07	sawit	pohon	300	100000000000	t	1	8	sawit untuk minyak kelapa	https://encrypted-tbn0.gstatic.com/images?q=tbn:ANd9GcQSUs9M6KumXk3UI9_MhFIKI4vlunvTTrs9Hg&s
37	2025-03-05 16:48:12.176627+07	ningkir	pohon kecil	30	5000000	t	16	11	Bayam mengandung banyak zat besi	https://res.cloudinary.com/dk0z4ums3/image/upload/v1670897868/attached_image/biji-pala-ketahui-kandungan-nutrisi-dan-manfaatnya-bagi-kesehatan.jpg
38	2025-03-05 16:51:37.233916+07	mbayung	pohon kecil	20	1000000	t	16	7	Bayung seeprti bayam tapi tidak enak	https://allofresh.id/blog/wp-content/uploads/2023/04/manfaat-sawi-putih-4-780x470.jpg
39	2025-03-11 14:17:32.988261+07	asparagus	ubian	50	2000000000	t	3	13	Asparagus tanaman luar negri	https://encrypted-tbn0.gstatic.com/images?q=tbn:ANd9GcQSUs9M6KumXk3UI9_MhFIKI4vlunvTTrs9Hg&s
40	2025-03-15 14:24:29.672188+07	sdfsdf	pohon	4	2323	t	1	3	sdfsdf	https://static.honestdocs.id/450x400/webp/system/blog_articles/main_hero_images/000/001/926/original/Manfaat_Sayur_Bayam_%28Spinach%29_Yang_Terbukti_Secara_Ilmiah.jpg
\.


--
-- Name: auth_group_id_seq; Type: SEQUENCE SET; Schema: public; Owner: vidky
--

SELECT pg_catalog.setval('public.auth_group_id_seq', 1, true);


--
-- Name: auth_group_permissions_id_seq; Type: SEQUENCE SET; Schema: public; Owner: vidky
--

SELECT pg_catalog.setval('public.auth_group_permissions_id_seq', 12, true);


--
-- Name: auth_permission_id_seq; Type: SEQUENCE SET; Schema: public; Owner: vidky
--

SELECT pg_catalog.setval('public.auth_permission_id_seq', 48, true);


--
-- Name: auth_user_groups_id_seq; Type: SEQUENCE SET; Schema: public; Owner: vidky
--

SELECT pg_catalog.setval('public.auth_user_groups_id_seq', 5, true);


--
-- Name: auth_user_id_seq; Type: SEQUENCE SET; Schema: public; Owner: vidky
--

SELECT pg_catalog.setval('public.auth_user_id_seq', 19, true);


--
-- Name: auth_user_user_permissions_id_seq; Type: SEQUENCE SET; Schema: public; Owner: vidky
--

SELECT pg_catalog.setval('public.auth_user_user_permissions_id_seq', 1, false);


--
-- Name: django_admin_log_id_seq; Type: SEQUENCE SET; Schema: public; Owner: vidky
--

SELECT pg_catalog.setval('public.django_admin_log_id_seq', 55, true);


--
-- Name: django_content_type_id_seq; Type: SEQUENCE SET; Schema: public; Owner: vidky
--

SELECT pg_catalog.setval('public.django_content_type_id_seq', 12, true);


--
-- Name: django_migrations_id_seq; Type: SEQUENCE SET; Schema: public; Owner: vidky
--

SELECT pg_catalog.setval('public.django_migrations_id_seq', 39, true);


--
-- Name: hama_id_seq; Type: SEQUENCE SET; Schema: public; Owner: vidky
--

SELECT pg_catalog.setval('public.hama_id_seq', 14, true);


--
-- Name: panenan_id_seq; Type: SEQUENCE SET; Schema: public; Owner: vidky
--

SELECT pg_catalog.setval('public.panenan_id_seq', 61, true);


--
-- Name: pestisida_pupuk_id_seq; Type: SEQUENCE SET; Schema: public; Owner: vidky
--

SELECT pg_catalog.setval('public.pestisida_pupuk_id_seq', 12, true);


--
-- Name: tanaman_id_seq; Type: SEQUENCE SET; Schema: public; Owner: vidky
--

SELECT pg_catalog.setval('public.tanaman_id_seq', 40, true);


--
-- Name: auth_group auth_group_name_key; Type: CONSTRAINT; Schema: public; Owner: vidky
--

ALTER TABLE ONLY public.auth_group
    ADD CONSTRAINT auth_group_name_key UNIQUE (name);


--
-- Name: auth_group_permissions auth_group_permissions_group_id_permission_id_0cd325b0_uniq; Type: CONSTRAINT; Schema: public; Owner: vidky
--

ALTER TABLE ONLY public.auth_group_permissions
    ADD CONSTRAINT auth_group_permissions_group_id_permission_id_0cd325b0_uniq UNIQUE (group_id, permission_id);


--
-- Name: auth_group_permissions auth_group_permissions_pkey; Type: CONSTRAINT; Schema: public; Owner: vidky
--

ALTER TABLE ONLY public.auth_group_permissions
    ADD CONSTRAINT auth_group_permissions_pkey PRIMARY KEY (id);


--
-- Name: auth_group auth_group_pkey; Type: CONSTRAINT; Schema: public; Owner: vidky
--

ALTER TABLE ONLY public.auth_group
    ADD CONSTRAINT auth_group_pkey PRIMARY KEY (id);


--
-- Name: auth_permission auth_permission_content_type_id_codename_01ab375a_uniq; Type: CONSTRAINT; Schema: public; Owner: vidky
--

ALTER TABLE ONLY public.auth_permission
    ADD CONSTRAINT auth_permission_content_type_id_codename_01ab375a_uniq UNIQUE (content_type_id, codename);


--
-- Name: auth_permission auth_permission_pkey; Type: CONSTRAINT; Schema: public; Owner: vidky
--

ALTER TABLE ONLY public.auth_permission
    ADD CONSTRAINT auth_permission_pkey PRIMARY KEY (id);


--
-- Name: auth_user_groups auth_user_groups_pkey; Type: CONSTRAINT; Schema: public; Owner: vidky
--

ALTER TABLE ONLY public.auth_user_groups
    ADD CONSTRAINT auth_user_groups_pkey PRIMARY KEY (id);


--
-- Name: auth_user_groups auth_user_groups_user_id_group_id_94350c0c_uniq; Type: CONSTRAINT; Schema: public; Owner: vidky
--

ALTER TABLE ONLY public.auth_user_groups
    ADD CONSTRAINT auth_user_groups_user_id_group_id_94350c0c_uniq UNIQUE (user_id, group_id);


--
-- Name: auth_user auth_user_pkey; Type: CONSTRAINT; Schema: public; Owner: vidky
--

ALTER TABLE ONLY public.auth_user
    ADD CONSTRAINT auth_user_pkey PRIMARY KEY (id);


--
-- Name: auth_user_user_permissions auth_user_user_permissions_pkey; Type: CONSTRAINT; Schema: public; Owner: vidky
--

ALTER TABLE ONLY public.auth_user_user_permissions
    ADD CONSTRAINT auth_user_user_permissions_pkey PRIMARY KEY (id);


--
-- Name: auth_user_user_permissions auth_user_user_permissions_user_id_permission_id_14a6b632_uniq; Type: CONSTRAINT; Schema: public; Owner: vidky
--

ALTER TABLE ONLY public.auth_user_user_permissions
    ADD CONSTRAINT auth_user_user_permissions_user_id_permission_id_14a6b632_uniq UNIQUE (user_id, permission_id);


--
-- Name: auth_user auth_user_username_key; Type: CONSTRAINT; Schema: public; Owner: vidky
--

ALTER TABLE ONLY public.auth_user
    ADD CONSTRAINT auth_user_username_key UNIQUE (username);


--
-- Name: authtoken_token authtoken_token_pkey; Type: CONSTRAINT; Schema: public; Owner: vidky
--

ALTER TABLE ONLY public.authtoken_token
    ADD CONSTRAINT authtoken_token_pkey PRIMARY KEY (key);


--
-- Name: authtoken_token authtoken_token_user_id_key; Type: CONSTRAINT; Schema: public; Owner: vidky
--

ALTER TABLE ONLY public.authtoken_token
    ADD CONSTRAINT authtoken_token_user_id_key UNIQUE (user_id);


--
-- Name: django_admin_log django_admin_log_pkey; Type: CONSTRAINT; Schema: public; Owner: vidky
--

ALTER TABLE ONLY public.django_admin_log
    ADD CONSTRAINT django_admin_log_pkey PRIMARY KEY (id);


--
-- Name: django_content_type django_content_type_app_label_model_76bd3d3b_uniq; Type: CONSTRAINT; Schema: public; Owner: vidky
--

ALTER TABLE ONLY public.django_content_type
    ADD CONSTRAINT django_content_type_app_label_model_76bd3d3b_uniq UNIQUE (app_label, model);


--
-- Name: django_content_type django_content_type_pkey; Type: CONSTRAINT; Schema: public; Owner: vidky
--

ALTER TABLE ONLY public.django_content_type
    ADD CONSTRAINT django_content_type_pkey PRIMARY KEY (id);


--
-- Name: django_migrations django_migrations_pkey; Type: CONSTRAINT; Schema: public; Owner: vidky
--

ALTER TABLE ONLY public.django_migrations
    ADD CONSTRAINT django_migrations_pkey PRIMARY KEY (id);


--
-- Name: django_session django_session_pkey; Type: CONSTRAINT; Schema: public; Owner: vidky
--

ALTER TABLE ONLY public.django_session
    ADD CONSTRAINT django_session_pkey PRIMARY KEY (session_key);


--
-- Name: hama hama_nama_hama_key; Type: CONSTRAINT; Schema: public; Owner: vidky
--

ALTER TABLE ONLY public.hama
    ADD CONSTRAINT hama_nama_hama_key UNIQUE (nama_hama);


--
-- Name: hama hama_pkey; Type: CONSTRAINT; Schema: public; Owner: vidky
--

ALTER TABLE ONLY public.hama
    ADD CONSTRAINT hama_pkey PRIMARY KEY (id);


--
-- Name: panenan panenan_pkey; Type: CONSTRAINT; Schema: public; Owner: vidky
--

ALTER TABLE ONLY public.panenan
    ADD CONSTRAINT panenan_pkey PRIMARY KEY (id);


--
-- Name: pestisida_pupuk pestisida_pupuk_nama_obat_key; Type: CONSTRAINT; Schema: public; Owner: vidky
--

ALTER TABLE ONLY public.pestisida_pupuk
    ADD CONSTRAINT pestisida_pupuk_nama_obat_key UNIQUE (nama_obat);


--
-- Name: pestisida_pupuk pestisida_pupuk_pkey; Type: CONSTRAINT; Schema: public; Owner: vidky
--

ALTER TABLE ONLY public.pestisida_pupuk
    ADD CONSTRAINT pestisida_pupuk_pkey PRIMARY KEY (id);


--
-- Name: tanaman tanaman_nama_tanaman_key; Type: CONSTRAINT; Schema: public; Owner: vidky
--

ALTER TABLE ONLY public.tanaman
    ADD CONSTRAINT tanaman_nama_tanaman_key UNIQUE (nama_tanaman);


--
-- Name: tanaman tanaman_pkey; Type: CONSTRAINT; Schema: public; Owner: vidky
--

ALTER TABLE ONLY public.tanaman
    ADD CONSTRAINT tanaman_pkey PRIMARY KEY (id);


--
-- Name: auth_group_name_a6ea08ec_like; Type: INDEX; Schema: public; Owner: vidky
--

CREATE INDEX auth_group_name_a6ea08ec_like ON public.auth_group USING btree (name varchar_pattern_ops);


--
-- Name: auth_group_permissions_group_id_b120cbf9; Type: INDEX; Schema: public; Owner: vidky
--

CREATE INDEX auth_group_permissions_group_id_b120cbf9 ON public.auth_group_permissions USING btree (group_id);


--
-- Name: auth_group_permissions_permission_id_84c5c92e; Type: INDEX; Schema: public; Owner: vidky
--

CREATE INDEX auth_group_permissions_permission_id_84c5c92e ON public.auth_group_permissions USING btree (permission_id);


--
-- Name: auth_permission_content_type_id_2f476e4b; Type: INDEX; Schema: public; Owner: vidky
--

CREATE INDEX auth_permission_content_type_id_2f476e4b ON public.auth_permission USING btree (content_type_id);


--
-- Name: auth_user_groups_group_id_97559544; Type: INDEX; Schema: public; Owner: vidky
--

CREATE INDEX auth_user_groups_group_id_97559544 ON public.auth_user_groups USING btree (group_id);


--
-- Name: auth_user_groups_user_id_6a12ed8b; Type: INDEX; Schema: public; Owner: vidky
--

CREATE INDEX auth_user_groups_user_id_6a12ed8b ON public.auth_user_groups USING btree (user_id);


--
-- Name: auth_user_user_permissions_permission_id_1fbb5f2c; Type: INDEX; Schema: public; Owner: vidky
--

CREATE INDEX auth_user_user_permissions_permission_id_1fbb5f2c ON public.auth_user_user_permissions USING btree (permission_id);


--
-- Name: auth_user_user_permissions_user_id_a95ead1b; Type: INDEX; Schema: public; Owner: vidky
--

CREATE INDEX auth_user_user_permissions_user_id_a95ead1b ON public.auth_user_user_permissions USING btree (user_id);


--
-- Name: auth_user_username_6821ab7c_like; Type: INDEX; Schema: public; Owner: vidky
--

CREATE INDEX auth_user_username_6821ab7c_like ON public.auth_user USING btree (username varchar_pattern_ops);


--
-- Name: authtoken_token_key_10f0b77e_like; Type: INDEX; Schema: public; Owner: vidky
--

CREATE INDEX authtoken_token_key_10f0b77e_like ON public.authtoken_token USING btree (key varchar_pattern_ops);


--
-- Name: django_admin_log_content_type_id_c4bce8eb; Type: INDEX; Schema: public; Owner: vidky
--

CREATE INDEX django_admin_log_content_type_id_c4bce8eb ON public.django_admin_log USING btree (content_type_id);


--
-- Name: django_admin_log_user_id_c564eba6; Type: INDEX; Schema: public; Owner: vidky
--

CREATE INDEX django_admin_log_user_id_c564eba6 ON public.django_admin_log USING btree (user_id);


--
-- Name: django_session_expire_date_a5c62663; Type: INDEX; Schema: public; Owner: vidky
--

CREATE INDEX django_session_expire_date_a5c62663 ON public.django_session USING btree (expire_date);


--
-- Name: django_session_session_key_c0390e0f_like; Type: INDEX; Schema: public; Owner: vidky
--

CREATE INDEX django_session_session_key_c0390e0f_like ON public.django_session USING btree (session_key varchar_pattern_ops);


--
-- Name: hama_nama_hama_89def9ac_like; Type: INDEX; Schema: public; Owner: vidky
--

CREATE INDEX hama_nama_hama_89def9ac_like ON public.hama USING btree (nama_hama varchar_pattern_ops);


--
-- Name: hama_obat_id_6c3c4783; Type: INDEX; Schema: public; Owner: vidky
--

CREATE INDEX hama_obat_id_6c3c4783 ON public.hama USING btree (obat_id);


--
-- Name: panenan_hasil_panen_id_9d5f859f; Type: INDEX; Schema: public; Owner: vidky
--

CREATE INDEX panenan_hasil_panen_id_9d5f859f ON public.panenan USING btree (hasil_panen_id);


--
-- Name: panenan_owner_id_d8a6b56c; Type: INDEX; Schema: public; Owner: vidky
--

CREATE INDEX panenan_owner_id_d8a6b56c ON public.panenan USING btree (owner_id);


--
-- Name: pestisida_pupuk_nama_obat_d68e9bf4_like; Type: INDEX; Schema: public; Owner: vidky
--

CREATE INDEX pestisida_pupuk_nama_obat_d68e9bf4_like ON public.pestisida_pupuk USING btree (nama_obat varchar_pattern_ops);


--
-- Name: tanaman_nama_tanaman_89b2fa2f_like; Type: INDEX; Schema: public; Owner: vidky
--

CREATE INDEX tanaman_nama_tanaman_89b2fa2f_like ON public.tanaman USING btree (nama_tanaman varchar_pattern_ops);


--
-- Name: tanaman_owner_id_a3f9627e; Type: INDEX; Schema: public; Owner: vidky
--

CREATE INDEX tanaman_owner_id_a3f9627e ON public.tanaman USING btree (owner_id);


--
-- Name: tanaman_peluang_hama_id_8e1e1b30; Type: INDEX; Schema: public; Owner: vidky
--

CREATE INDEX tanaman_peluang_hama_id_8e1e1b30 ON public.tanaman USING btree (peluang_hama_id);


--
-- Name: auth_group_permissions auth_group_permissio_permission_id_84c5c92e_fk_auth_perm; Type: FK CONSTRAINT; Schema: public; Owner: vidky
--

ALTER TABLE ONLY public.auth_group_permissions
    ADD CONSTRAINT auth_group_permissio_permission_id_84c5c92e_fk_auth_perm FOREIGN KEY (permission_id) REFERENCES public.auth_permission(id) DEFERRABLE INITIALLY DEFERRED;


--
-- Name: auth_group_permissions auth_group_permissions_group_id_b120cbf9_fk_auth_group_id; Type: FK CONSTRAINT; Schema: public; Owner: vidky
--

ALTER TABLE ONLY public.auth_group_permissions
    ADD CONSTRAINT auth_group_permissions_group_id_b120cbf9_fk_auth_group_id FOREIGN KEY (group_id) REFERENCES public.auth_group(id) DEFERRABLE INITIALLY DEFERRED;


--
-- Name: auth_permission auth_permission_content_type_id_2f476e4b_fk_django_co; Type: FK CONSTRAINT; Schema: public; Owner: vidky
--

ALTER TABLE ONLY public.auth_permission
    ADD CONSTRAINT auth_permission_content_type_id_2f476e4b_fk_django_co FOREIGN KEY (content_type_id) REFERENCES public.django_content_type(id) DEFERRABLE INITIALLY DEFERRED;


--
-- Name: auth_user_groups auth_user_groups_group_id_97559544_fk_auth_group_id; Type: FK CONSTRAINT; Schema: public; Owner: vidky
--

ALTER TABLE ONLY public.auth_user_groups
    ADD CONSTRAINT auth_user_groups_group_id_97559544_fk_auth_group_id FOREIGN KEY (group_id) REFERENCES public.auth_group(id) DEFERRABLE INITIALLY DEFERRED;


--
-- Name: auth_user_groups auth_user_groups_user_id_6a12ed8b_fk_auth_user_id; Type: FK CONSTRAINT; Schema: public; Owner: vidky
--

ALTER TABLE ONLY public.auth_user_groups
    ADD CONSTRAINT auth_user_groups_user_id_6a12ed8b_fk_auth_user_id FOREIGN KEY (user_id) REFERENCES public.auth_user(id) DEFERRABLE INITIALLY DEFERRED;


--
-- Name: auth_user_user_permissions auth_user_user_permi_permission_id_1fbb5f2c_fk_auth_perm; Type: FK CONSTRAINT; Schema: public; Owner: vidky
--

ALTER TABLE ONLY public.auth_user_user_permissions
    ADD CONSTRAINT auth_user_user_permi_permission_id_1fbb5f2c_fk_auth_perm FOREIGN KEY (permission_id) REFERENCES public.auth_permission(id) DEFERRABLE INITIALLY DEFERRED;


--
-- Name: auth_user_user_permissions auth_user_user_permissions_user_id_a95ead1b_fk_auth_user_id; Type: FK CONSTRAINT; Schema: public; Owner: vidky
--

ALTER TABLE ONLY public.auth_user_user_permissions
    ADD CONSTRAINT auth_user_user_permissions_user_id_a95ead1b_fk_auth_user_id FOREIGN KEY (user_id) REFERENCES public.auth_user(id) DEFERRABLE INITIALLY DEFERRED;


--
-- Name: authtoken_token authtoken_token_user_id_35299eff_fk_auth_user_id; Type: FK CONSTRAINT; Schema: public; Owner: vidky
--

ALTER TABLE ONLY public.authtoken_token
    ADD CONSTRAINT authtoken_token_user_id_35299eff_fk_auth_user_id FOREIGN KEY (user_id) REFERENCES public.auth_user(id) DEFERRABLE INITIALLY DEFERRED;


--
-- Name: django_admin_log django_admin_log_content_type_id_c4bce8eb_fk_django_co; Type: FK CONSTRAINT; Schema: public; Owner: vidky
--

ALTER TABLE ONLY public.django_admin_log
    ADD CONSTRAINT django_admin_log_content_type_id_c4bce8eb_fk_django_co FOREIGN KEY (content_type_id) REFERENCES public.django_content_type(id) DEFERRABLE INITIALLY DEFERRED;


--
-- Name: django_admin_log django_admin_log_user_id_c564eba6_fk_auth_user_id; Type: FK CONSTRAINT; Schema: public; Owner: vidky
--

ALTER TABLE ONLY public.django_admin_log
    ADD CONSTRAINT django_admin_log_user_id_c564eba6_fk_auth_user_id FOREIGN KEY (user_id) REFERENCES public.auth_user(id) DEFERRABLE INITIALLY DEFERRED;


--
-- Name: hama hama_obat_id_6c3c4783_fk_pestisida_pupuk_id; Type: FK CONSTRAINT; Schema: public; Owner: vidky
--

ALTER TABLE ONLY public.hama
    ADD CONSTRAINT hama_obat_id_6c3c4783_fk_pestisida_pupuk_id FOREIGN KEY (obat_id) REFERENCES public.pestisida_pupuk(id) DEFERRABLE INITIALLY DEFERRED;


--
-- Name: panenan panenan_hasil_panen_id_9d5f859f_fk_tanaman_id; Type: FK CONSTRAINT; Schema: public; Owner: vidky
--

ALTER TABLE ONLY public.panenan
    ADD CONSTRAINT panenan_hasil_panen_id_9d5f859f_fk_tanaman_id FOREIGN KEY (hasil_panen_id) REFERENCES public.tanaman(id) DEFERRABLE INITIALLY DEFERRED;


--
-- Name: panenan panenan_owner_id_d8a6b56c_fk_auth_user_id; Type: FK CONSTRAINT; Schema: public; Owner: vidky
--

ALTER TABLE ONLY public.panenan
    ADD CONSTRAINT panenan_owner_id_d8a6b56c_fk_auth_user_id FOREIGN KEY (owner_id) REFERENCES public.auth_user(id) DEFERRABLE INITIALLY DEFERRED;


--
-- Name: tanaman tanaman_owner_id_a3f9627e_fk_auth_user_id; Type: FK CONSTRAINT; Schema: public; Owner: vidky
--

ALTER TABLE ONLY public.tanaman
    ADD CONSTRAINT tanaman_owner_id_a3f9627e_fk_auth_user_id FOREIGN KEY (owner_id) REFERENCES public.auth_user(id) DEFERRABLE INITIALLY DEFERRED;


--
-- Name: tanaman tanaman_peluang_hama_id_8e1e1b30_fk_hama_id; Type: FK CONSTRAINT; Schema: public; Owner: vidky
--

ALTER TABLE ONLY public.tanaman
    ADD CONSTRAINT tanaman_peluang_hama_id_8e1e1b30_fk_hama_id FOREIGN KEY (peluang_hama_id) REFERENCES public.hama(id) DEFERRABLE INITIALLY DEFERRED;


--
-- PostgreSQL database dump complete
--

